{
  "tables": [
    {
      "name": "artists",
      "columns": [
        {
          "name": "name",
          "type": "string",
          "notNull": true
        },
        {
          "name": "genre",
          "type": "string"
        },
        {
          "name": "image",
          "type": "string"
        },
        {
          "name": "biography",
          "type": "text"
        },
        {
          "name": "popularity",
          "type": "int"
        }
      ]
    },
    {
      "name": "songs",
      "columns": [
        {
          "name": "title",
          "type": "string",
          "notNull": true
        },
        {
          "name": "artist",
          "type": "string",
          "notNull": true
        },
        {
          "name": "genre",
          "type": "string"
        },
        {
          "name": "albumArt",
          "type": "string"
        },
        {
          "name": "year",
          "type": "int"
        },
        {
          "name": "popularity",
          "type": "int"
        },
        {
          "name": "youtubeId",
          "type": "string"
        }
      ]
    },
    {
      "name": "genres",
      "columns": [
        {
          "name": "name",
          "type": "string",
          "notNull": true
        },
        {
          "name": "description",
          "type": "text"
        },
        {
          "name": "image",
          "type": "string"
        }
      ]
    }
  ]
}